<?xml version="1.0" encoding="Windows-1251"?>
<report version="0">
  <engine version="4.0.9">Atlantis Engine Version: 4.0.9n (beta)</engine>
  <rules name="Ceran" version="2.0.3">Ceran, Version: 2.0.3 (beta)</rules>
  <date month="January" year="6" />
  <faction war="2" trade="2" magic="1" unclaimed="0"
      number="17">Dark Wings
    <options times="1" password="1" inactive="0" />
    <war used="10" max="12" />
    <trade used="6" max="12" />
    <magic>
      <mages used="2" max="2" />
      <apprentices used="0" max="3" />
    </magic>
    <attitudes default="Unfriendly">
      <!-- detected factions, not listed in attitudes -->
      <faction number="164">Sunnu</faction>
      <attitude kind="Hostile" />
      <attitude kind="Unfriendly">
        <faction number="10">Lost in the Rye</faction>
      </attitude>
      <attitude kind="Neutral" />
      <attitude kind="Friendly">
        <faction number="112">Aurelians</faction>
      </attitude>
      <attitude kind="Ally">
        <faction number="77">Essence of Fire</faction>
        <faction number="53">Kaiman</faction>
        <faction number="94">Avalaras' Tribes</faction>
      </attitude>
    </attitudes>
  </faction>
  <events>
    <event unit="4866" name="Scout">Combat spell set to create aura of fear.</event>
    <event unit="7853" name="Scout">Combat spell set to fire.</event>
    <battle location="20,64" terrain="jungle" province="Derron">
      <attackers id="6358">
        <unit id="6358">
          Merfolk
          <item tag="MERF" count="88">
            merfolk
            <properties combat="2/2" attacks="1" hits="1" tactics="2" />
            <!-- ~~~~~~~~~~~~~~~~~~~~~~~~~~~~~~~~~~~ for discussion! -->
          </item>
        </unit>
      </attackers>
      <defenders id="14017">
        <unit id="14017" faction="17">
          Guards
          <item tag="WELF" count="9">wood elves</item>
          <properties combat="1" />
        </unit>
        <unit id="16366" faction="17">
          Scout
          <item tag="CAME" count="1">camel</item>
          <item tag="BARB" count="1">barbarian</item>
        </unit>
        <unit id="12575" faction="17" behind="1">
          Scout
          <item tag="SELF" count="8">sea elves</item>
        </unit>
        <unit id="10001" faction="17" behind="1">
          Workers
          <item tag="LEAD" count="1">leader</item>
          <properties combat="1" />
        </unit>
        <unit id="15221" faction="17" behind="1">
          Farmers
          <item tag="LEAD" count="1">leader</item>
        </unit>
        <unit id="17744" faction="17" behind="1">
          Workers
          <item tag="WELF" count="15">wood elves</item>
        </unit>
        <unit id="10466" faction="17">
          Guard
          <item tag="LEAD" count="5">leaders</item>
          <properties combat="1" riding="1" />
        </unit>
        <unit id="16575" faction="17" behind="1">
          Guard
          <item tag="LEAD" count="1">leader</item>
          <properties combat="1" />
        </unit>
      </defenders>
      <round number="0"> <!-- free round -->
        <defenders lost="22" />
      </round>
      <round number="999"> <!-- winner's round -->
        <defenders lost="19" />
      </round>
      <casualties>
        <attackers lost="0" />
        <defenders lost="41">17744, 16575, 12575, 10001, 15221, 14017, 10466, 16366</defenders>
      </casualties>
      <spoils>
        <item tag="SILV" count="3750">silver</item>
        <item tag="WOOD" count="234">wood</item>
        <item tag="CAME" count="1">camel</item>
        <item tag="LASS" count="8">lassoes</item>
        <item tag="LIVE" count="3">livestock</item>
        <item tag="BAG" count="4">bags</item>
        <item tag="HERB" count="2">herbs</item>
      </spoils>
    </battle>
    <error unit="16965" name="Scout">ENTER: Is refused entry.</error>
    <error unit="19691" name="Scout">STUDY: Not enough funds.</error>
  </events>
  <skills>
    <skill tag="DEMO" level="2">
      demon lore
      <description>No skill report</description>
    </skill>
    <skill tag="COMB" level="2">
      combat
      <description>No skill report</description>
    </skill>
    <skill tag="TACT" level="1" costs="200">
      tactics
      <description>Tactics allows the unit, and all allies, to gain a
  free round of attacks during battle. The army with the highest level
  tactician in a battle will receive this free round; if the highest
  levels are equal, no free round is awarded. Only one free round
  total will be awarded for any reason.</description>
    </skill>
    <skill tag="HUNT" level="4">
      hunting
      <description>No skill report</description>
    </skill>
  </skills>
  <items>
    <item tag="HORS" weight="50" walk="20" ridi="20" costs="75" mount="1">
      horse
      <produce rate="1">
        <skill tag="HORS" level="1">horse training</skill>
      </produce>
      <combat bonus="+1,+3">
        <skill tag="RIDI" level="1">riding</skill>
      </combat>
    </item>
  </items>
  <map>
    <region location="122,8" terrain="forest" province="Reilgrois" tax="921"
        tag="VIKI" count="307">vikings
      <city type="city">Faetooton</city>
      <weather last="winter" next="winter" />
      <wages max="798">13</wages>
      <wanted />
      <sale>
        <item tag="VIKI" costs="52" count="61">vikings</item>
        <item tag="LEAD" costs="104" count="12">leaders</item>
      </sale>
      <products>
        <item tag="SILV" count="46">
          Entertainment available
          <produce rate="20">
            <skill tag="ENTE" level="1">entertainment</skill>
          </produce>
        </item>
        <item tag="GRAI" count="29">grain</item>
        <item tag="WOOD" count="26">wood</item>
        <item tag="FUR" count="10">furs</item>
        <item tag="HERB" count="10">herbs</item>
      </products>
      <exits>
        <exit direction="N" location="122,6" terrain="mountain" province="Lilrienne">North</exit>
        <exit direction="NE" location="123,7" terrain="mountain" province="Lilrienne">Northeast</exit>
        <exit direction="SE" location="123,9" terrain="forest" province="Reilgrois">Southeast</exit>
        <exit direction="S" location="122,10" terrain="forest" province="Reilgrois">South</exit>
        <exit direction="SW" location="121,9" terrain="forest" province="Reilgrois">Southwest</exit>
        <exit direction="NW" location="121,7" terrain="forest" province="Reilgrois">Northwest</exit>
        <gate count="216">46</gate>
      </exits>
      <object id="0">
        <unit id="17449" faction="164" avoid="1" behind="1">
          - Wanderer
          <item tag="HELF" count="1">high elf</item>
        </unit>
        <unit id="13460" faction="17" avoid="1" hold="1" noaid="1" consume="unit">
          * Scout
          <item tag="LEAD" count="1">leader</item>
          <item tag="SILV" count="166">silver</item>
          <skill tag="COMB" exp="30" level="1">combat</skill>
        </unit>
        <unit id="22241" faction="164" avoid="1" behind="1">
          - Alchemist
          <item tag="LEAD" count="1">leader</item>
          <item tag="HORS" count="1">horse</item>
        </unit>
      </object>
      <object id="1" type="Tower">
        Dark Wings Tower
      </object>
    </region>
  </map>
  <orders faction="17" password="*****">
    <unit id="13460">
      @;;017  +Scout<o /> <!-- "o" tag is orders divider only and optional,
                                   when only one order given to unit -->
      @; Scout for new lands<o />
      @tax<o />
      MOVE N<o />
      reveal faction<o />
      declare 164 neutral
    </unit>
  </orders>
</report>
