<!--
##
## Settlement definitions
##
## Changes:
## 2001-02-15: file created
-->


<category name="settlement">

	<attribute name="name_s" type="string" />
	<attribute name="min_population" type="integer" />

	<exemplar id="0" name="village" name_s="village" min_population="0">
		<translation language="lv" name_s="ciems" />
	</exemplar>
	<exemplar id="1" name="town" name_s="town" min_population="1000">
		<translation language="lv" name_s="miests" />
	</exemplar>
	<exemplar id="2" name="city" name_s="city" min_population="2000">
		<translation language="lv" name_s="pils�ta" />
	</exemplar>

</category>
