<!--
##
## Skill definitions
##
## Changes:
## 2001-02-15: file created
-->


<category name="skill">

	<exemplar id="0" name="mining">
	</exemplar>
	<exemplar id="1" name="lumberjack">
	</exemplar>
	<exemplar id="2" name="quarrying">
	</exemplar>
	<exemplar id="3" name="hunting">
	</exemplar>
	<exemplar id="4" name="fishing">
	</exemplar>
	<exemplar id="5" name="herb_lore">
	</exemplar>
	<exemplar id="6" name="horse_training">
	</exemplar>
	<exemplar id="7" name="weaponsmith">
	</exemplar>
	<exemplar id="8" name="armorer">
	</exemplar>
	<exemplar id="9" name="carpenter">
	</exemplar>
	<exemplar id="10" name="building">
	</exemplar>
	<exemplar id="11" name="shipbuilding">
	</exemplar>
	<exemplar id="12" name="entertainment">
	</exemplar>
	<exemplar id="13" name="tactics">
	</exemplar>
	<exemplar id="14" name="combat">
	</exemplar>
	<exemplar id="15" name="riding">
	</exemplar>
	<exemplar id="16" name="crossbow">
	</exemplar>
	<exemplar id="17" name="longbow">
	</exemplar>
	<exemplar id="18" name="stealth">
	</exemplar>
	<exemplar id="19" name="observation">
	</exemplar>
	<exemplar id="20" name="healing">
	</exemplar>
	<exemplar id="21" name="sailing">
	</exemplar>
	<exemplar id="22" name="farming">
	</exemplar>
	<exemplar id="23" name="ranching">
	</exemplar>
	<exemplar id="24" name="force">
	</exemplar>
	<exemplar id="25" name="pattern">
	</exemplar>
	<exemplar id="26" name="spirit">
	</exemplar>
	<exemplar id="27" name="fire">
	</exemplar>
	<exemplar id="28" name="earthquake">
	</exemplar>
	<exemplar id="29" name="force_shield">
	</exemplar>
	<exemplar id="30" name="energy_shield">
	</exemplar>
	<exemplar id="31" name="spirit_shield">
	</exemplar>
	<exemplar id="32" name="magical_healing">
	</exemplar>
	<exemplar id="33" name="gate_lore">
	</exemplar>
	<exemplar id="34" name="farsight">
	</exemplar>
	<exemplar id="35" name="teleportation">
	</exemplar>
	<exemplar id="36" name="portal_lore">
	</exemplar>
	<exemplar id="37" name="mind_reading">
	</exemplar>
	<exemplar id="38" name="weather_lore">
	</exemplar>
	<exemplar id="39" name="summon_wind">
	</exemplar>
	<exemplar id="40" name="summon_storm">
	</exemplar>
	<exemplar id="41" name="summon_tornado">
	</exemplar>
	<exemplar id="42" name="call_lightning">
	</exemplar>
	<exemplar id="43" name="clear_skies">
	</exemplar>
	<exemplar id="44" name="earth_lore">
	</exemplar>
	<exemplar id="45" name="wolf_lore">
	</exemplar>
	<exemplar id="46" name="bird_lore">
	</exemplar>
	<exemplar id="47" name="dragon_lore">
	</exemplar>
	<exemplar id="48" name="necromancy">
	</exemplar>
	<exemplar id="49" name="summon_skeletons">
	</exemplar>
	<exemplar id="50" name="raise_undead">
	</exemplar>
	<exemplar id="51" name="summon_lich">
	</exemplar>
	<exemplar id="52" name="create_aura_of_fear">
	</exemplar>
	<exemplar id="53" name="summon_black_wind">
	</exemplar>
	<exemplar id="54" name="banish_undead">
	</exemplar>
	<exemplar id="55" name="demon_lore">
	</exemplar>
	<exemplar id="56" name="summon_imps">
	</exemplar>
	<exemplar id="57" name="summon_demon">
	</exemplar>
	<exemplar id="58" name="summon_balrog">
	</exemplar>
	<exemplar id="59" name="banish_demons">
	</exemplar>
	<exemplar id="60" name="illusion">
	</exemplar>
	<exemplar id="61" name="phantasmal_entertainment">
	</exemplar>
	<exemplar id="62" name="create_phantasmal_beasts">
	</exemplar>
	<exemplar id="63" name="create_phantasmal_undead">
	</exemplar>
	<exemplar id="64" name="create_phantasmal_demons">
	</exemplar>
	<exemplar id="65" name="invisibility">
	</exemplar>
	<exemplar id="66" name="true_seeing">
	</exemplar>
	<exemplar id="67" name="dispel_illusions">
	</exemplar>
	<exemplar id="68" name="artifact_lore">
	</exemplar>
	<exemplar id="69" name="create_ring_of_invisibility">
	</exemplar>
	<exemplar id="70" name="create_cloak_of_invulnerability">
	</exemplar>
	<exemplar id="71" name="create_staff_of_fire">
	</exemplar>
	<exemplar id="72" name="create_staff_of_lightning">
	</exemplar>
	<exemplar id="73" name="create_amulet_of_true_seeing">
	</exemplar>
	<exemplar id="74" name="create_amulet_of_protection">
	</exemplar>
	<exemplar id="75" name="create_runesword">
	</exemplar>
	<exemplar id="76" name="create_shieldstone">
	</exemplar>
	<exemplar id="77" name="create_magic_carpet">
	</exemplar>
	<exemplar id="78" name="engrave_runes_of_warding">
	</exemplar>
	<exemplar id="79" name="construct_gate">
	</exemplar>
	<exemplar id="80" name="enchant_swords">
	</exemplar>
	<exemplar id="81" name="enchant_armor">
	</exemplar>
	<exemplar id="82" name="construct_portal">
	</exemplar>
</category>
