<!--
##
## Structure definitions
##
## Changes:
## 2001-02-15: file created
-->


<category name="structure">

	<exemplar id="0" name="none">
	</exemplar>
	<exemplar id="1" name="longboat">
	</exemplar>
	<exemplar id="2" name="clipper">
	</exemplar>
	<exemplar id="3" name="galleon">
	</exemplar>
	<exemplar id="4" name="tower">
	</exemplar>
	<exemplar id="5" name="fort">
	</exemplar>
	<exemplar id="6" name="castle">
	</exemplar>
	<exemplar id="7" name="citadel">
	</exemplar>
	<exemplar id="8" name="shaft">
	</exemplar>
	<exemplar id="9" name="lair">
	</exemplar>
	<exemplar id="10" name="ruin">
	</exemplar>
	<exemplar id="11" name="cave">
	</exemplar>
	<exemplar id="12" name="demon_pit">
	</exemplar>
	<exemplar id="13" name="crypt">
	</exemplar>
	<exemplar id="14" name="balloon">
	</exemplar>
	<exemplar id="15" name="armored_galleon">
	</exemplar>
	<exemplar id="16" name="magical_fortress">
	</exemplar>
	<exemplar id="17" name="mine">
	</exemplar>
	<exemplar id="18" name="farm">
	</exemplar>
	<exemplar id="19" name="ranch">
	</exemplar>
	<exemplar id="20" name="timber_yard">
	</exemplar>
	<exemplar id="21" name="inn">
	</exemplar>
	<exemplar id="22" name="quarry">
	</exemplar>

</category>
